date,year,month,month_abbr,year_month,year_month_number,quarter,year_quarter,iso_week,day_of_week,day_name,start_of_week,end_of_week,start_of_month,end_of_month,start_of_quarter,end_of_quarter,start_of_year,end_of_year,fiscal_year,fiscal_month,fiscal_quarter,fiscal_year_quarter,fiscal_week,start_of_fiscal_week,end_of_fiscal_week,start_of_fiscal_month,end_of_fiscal_month,start_of_fiscal_quarter,end_of_fiscal_quarter,start_of_fiscal_year,end_of_fiscal_year
2024-12-01,2024,12,Dec,Dec 2024,24299,4,2024Q4,48,7,Sun,2024-11-25,2024-12-01,2024-12-01,2024-12-31,2024-10-01,2024-12-31,2024-01-01,2024-12-31,2025,10,4,2025Q4,40,2025-09-29,2025-10-05,2025-10-01,2025-10-31,2025-10-01,2025-12-31,2025-01-01,2025-12-31
2024-12-02,2024,12,Dec,Dec 2024,24299,4,2024Q4,49,1,Mon,2024-12-02,2024-12-08,2024-12-01,2024-12-31,2024-10-01,2024-12-31,2024-01-01,2024-12-31,2025,10,4,2025Q4,40,2025-09-29,2025-10-05,2025-10-01,2025-10-31,2025-10-01,2025-12-31,2025-01-01,2025-12-31
2024-12-03,2024,12,Dec,Dec 2024,24299,4,2024Q4,49,2,Tue,2024-12-02,2024-12-08,2024-12-01,2024-12-31,2024-10-01,2024-12-31,2024-01-01,2024-12-31,2025,10,4,2025Q4,40,2025-09-29,2025-10-05,2025-10-01,2025-10-31,2025-10-01,2025-12-31,2025-01-01,2025-12-31
2024-12-04,2024,12,Dec,Dec 2024,24299,4,2024Q4,49,3,Wed,2024-12-02,2024-12-08,2024-12-01,2024-12-31,2024-10-01,2024-12-31,2024-01-01,2024-12-31,2025,10,4,2025Q4,40,2025-09-29,2025-10-05,2025-10-01,2025-10-31,2025-10-01,2025-12-31,2025-01-01,2025-12-31
2024-12-05,2024,12,Dec,Dec 2024,24299,4,2024Q4,49,4,Thu,2024-12-02,2024-12-08,2024-12-01,2024-12-31,2024-10-01,2024-12-31,2024-01-01,2024-12-31,2025,10,4,2025Q4,40,2025-09-29,2025-10-05,2025-10-01,2025-10-31,2025-10-01,2025-12-31,2025-01-01,2025-12-31
2024-12-06,2024,12,Dec,Dec 2024,24299,4,2024Q4,49,5,Fri,2024-12-02,2024-12-08,2024-12-01,2024-12-31,2024-10-01,2024-12-31,2024-01-01,2024-12-31,2025,10,4,2025Q4,41,2025-10-06,2025-10-12,2025-10-01,2025-10-31,2025-10-01,2025-12-31,2025-01-01,2025-12-31
2024-12-07,2024,12,Dec,Dec 2024,24299,4,2024Q4,49,6,Sat,2024-12-02,2024-12-08,2024-12-01,2024-12-31,2024-10-01,2024-12-31,2024-01-01,2024-12-31,2025,10,4,2025Q4,41,2025-10-06,2025-10-12,2025-10-01,2025-10-31,2025-10-01,2025-12-31,2025-01-01,2025-12-31
2024-12-08,2024,12,Dec,Dec 2024,24299,4,2024Q4,49,7,Sun,2024-12-02,2024-12-08,2024-12-01,2024-12-31,2024-10-01,2024-12-31,2024-01-01,2024-12-31,2025,10,4,2025Q4,41,2025-10-06,2025-10-12,2025-10-01,2025-10-31,2025-10-01,2025-12-31,2025-01-01,2025-12-31
2024-12-09,2024,12,Dec,Dec 2024,24299,4,2024Q4,50,1,Mon,2024-12-09,2024-12-15,2024-12-01,2024-12-31,2024-10-01,2024-12-31,2024-01-01,2024-12-31,2025,10,4,2025Q4,41,2025-10-06,2025-10-12,2025-10-01,2025-10-31,2025-10-01,2025-12-31,2025-01-01,2025-12-31
2024-12-10,2024,12,Dec,Dec 2024,24299,4,2024Q4,50,2,Tue,2024-12-09,2024-12-15,2024-12-01,2024-12-31,2024-10-01,2024-12-31,2024-01-01,2024-12-31,2025,10,4,2025Q4,41,2025-10-06,2025-10-12,2025-10-01,2025-10-31,2025-10-01,2025-12-31,2025-01-01,2025-12-31
2024-12-11,2024,12,Dec,Dec 2024,24299,4,2024Q4,50,3,Wed,2024-12-09,2024-12-15,2024-12-01,2024-12-31,2024-10-01,2024-12-31,2024-01-01,2024-12-31,2025,10,4,2025Q4,41,2025-10-06,2025-10-12,2025-10-01,2025-10-31,2025-10-01,2025-12-31,2025-01-01,2025-12-31
2024-12-12,2024,12,Dec,Dec 2024,24299,4,2024Q4,50,4,Thu,2024-12-09,2024-12-15,2024-12-01,2024-12-31,2024-10-01,2024-12-31,2024-01-01,2024-12-31,2025,10,4,2025Q4,41,2025-10-06,2025-10-12,2025-10-01,2025-10-31,2025-10-01,2025-12-31,2025-01-01,2025-12-31
2024-12-13,2024,12,Dec,Dec 2024,24299,4,2024Q4,50,5,Fri,2024-12-09,2024-12-15,2024-12-01,2024-12-31,2024-10-01,2024-12-31,2024-01-01,2024-12-31,2025,10,4,2025Q4,42,2025-10-13,2025-10-19,2025-10-01,2025-10-31,2025-10-01,2025-12-31,2025-01-01,2025-12-31
2024-12-14,2024,12,Dec,Dec 2024,24299,4,2024Q4,50,6,Sat,2024-12-09,2024-12-15,2024-12-01,2024-12-31,2024-10-01,2024-12-31,2024-01-01,2024-12-31,2025,10,4,2025Q4,42,2025-10-13,2025-10-19,2025-10-01,2025-10-31,2025-10-01,2025-12-31,2025-01-01,2025-12-31
2024-12-15,2024,12,Dec,Dec 2024,24299,4,2024Q4,50,7,Sun,2024-12-09,2024-12-15,2024-12-01,2024-12-31,2024-10-01,2024-12-31,2024-01-01,2024-12-31,2025,10,4,2025Q4,42,2025-10-13,2025-10-19,2025-10-01,2025-10-31,2025-10-01,2025-12-31,2025-01-01,2025-12-31
2024-12-16,2024,12,Dec,Dec 2024,24299,4,2024Q4,51,1,Mon,2024-12-16,2024-12-22,2024-12-01,2024-12-31,2024-10-01,2024-12-31,2024-01-01,2024-12-31,2025,10,4,2025Q4,42,2025-10-13,2025-10-19,2025-10-01,2025-10-31,2025-10-01,2025-12-31,2025-01-01,2025-12-31
2024-12-17,2024,12,Dec,Dec 2024,24299,4,2024Q4,51,2,Tue,2024-12-16,2024-12-22,2024-12-01,2024-12-31,2024-10-01,2024-12-31,2024-01-01,2024-12-31,2025,10,4,2025Q4,42,2025-10-13,2025-10-19,2025-10-01,2025-10-31,2025-10-01,2025-12-31,2025-01-01,2025-12-31
2024-12-18,2024,12,Dec,Dec 2024,24299,4,2024Q4,51,3,Wed,2024-12-16,2024-12-22,2024-12-01,2024-12-31,2024-10-01,2024-12-31,2024-01-01,2024-12-31,2025,10,4,2025Q4,42,2025-10-13,2025-10-19,2025-10-01,2025-10-31,2025-10-01,2025-12-31,2025-01-01,2025-12-31
2024-12-19,2024,12,Dec,Dec 2024,24299,4,2024Q4,51,4,Thu,2024-12-16,2024-12-22,2024-12-01,2024-12-31,2024-10-01,2024-12-31,2024-01-01,2024-12-31,2025,10,4,2025Q4,42,2025-10-13,2025-10-19,2025-10-01,2025-10-31,2025-10-01,2025-12-31,2025-01-01,2025-12-31
2024-12-20,2024,12,Dec,Dec 2024,24299,4,2024Q4,51,5,Fri,2024-12-16,2024-12-22,2024-12-01,2024-12-31,2024-10-01,2024-12-31,2024-01-01,2024-12-31,2025,10,4,2025Q4,43,2025-10-20,2025-10-26,2025-10-01,2025-10-31,2025-10-01,2025-12-31,2025-01-01,2025-12-31
2024-12-21,2024,12,Dec,Dec 2024,24299,4,2024Q4,51,6,Sat,2024-12-16,2024-12-22,2024-12-01,2024-12-31,2024-10-01,2024-12-31,2024-01-01,2024-12-31,2025,10,4,2025Q4,43,2025-10-20,2025-10-26,2025-10-01,2025-10-31,2025-10-01,2025-12-31,2025-01-01,2025-12-31
2024-12-22,2024,12,Dec,Dec 2024,24299,4,2024Q4,51,7,Sun,2024-12-16,2024-12-22,2024-12-01,2024-12-31,2024-10-01,2024-12-31,2024-01-01,2024-12-31,2025,10,4,2025Q4,43,2025-10-20,2025-10-26,2025-10-01,2025-10-31,2025-10-01,2025-12-31,2025-01-01,2025-12-31
2024-12-23,2024,12,Dec,Dec 2024,24299,4,2024Q4,52,1,Mon,2024-12-23,2024-12-29,2024-12-01,2024-12-31,2024-10-01,2024-12-31,2024-01-01,2024-12-31,2025,10,4,2025Q4,43,2025-10-20,2025-10-26,2025-10-01,2025-10-31,2025-10-01,2025-12-31,2025-01-01,2025-12-31
2024-12-24,2024,12,Dec,Dec 2024,24299,4,2024Q4,52,2,Tue,2024-12-23,2024-12-29,2024-12-01,2024-12-31,2024-10-01,2024-12-31,2024-01-01,2024-12-31,2025,10,4,2025Q4,43,2025-10-20,2025-10-26,2025-10-01,2025-10-31,2025-10-01,2025-12-31,2025-01-01,2025-12-31
2024-12-25,2024,12,Dec,Dec 2024,24299,4,2024Q4,52,3,Wed,2024-12-23,2024-12-29,2024-12-01,2024-12-31,2024-10-01,2024-12-31,2024-01-01,2024-12-31,2025,10,4,2025Q4,43,2025-10-20,2025-10-26,2025-10-01,2025-10-31,2025-10-01,2025-12-31,2025-01-01,2025-12-31
2024-12-26,2024,12,Dec,Dec 2024,24299,4,2024Q4,52,4,Thu,2024-12-23,2024-12-29,2024-12-01,2024-12-31,2024-10-01,2024-12-31,2024-01-01,2024-12-31,2025,10,4,2025Q4,43,2025-10-20,2025-10-26,2025-10-01,2025-10-31,2025-10-01,2025-12-31,2025-01-01,2025-12-31
2024-12-27,2024,12,Dec,Dec 2024,24299,4,2024Q4,52,5,Fri,2024-12-23,2024-12-29,2024-12-01,2024-12-31,2024-10-01,2024-12-31,2024-01-01,2024-12-31,2025,10,4,2025Q4,44,2025-10-27,2025-11-02,2025-10-01,2025-10-31,2025-10-01,2025-12-31,2025-01-01,2025-12-31
2024-12-28,2024,12,Dec,Dec 2024,24299,4,2024Q4,52,6,Sat,2024-12-23,2024-12-29,2024-12-01,2024-12-31,2024-10-01,2024-12-31,2024-01-01,2024-12-31,2025,10,4,2025Q4,44,2025-10-27,2025-11-02,2025-10-01,2025-10-31,2025-10-01,2025-12-31,2025-01-01,2025-12-31
2024-12-29,2024,12,Dec,Dec 2024,24299,4,2024Q4,52,7,Sun,2024-12-23,2024-12-29,2024-12-01,2024-12-31,2024-10-01,2024-12-31,2024-01-01,2024-12-31,2025,10,4,2025Q4,44,2025-10-27,2025-11-02,2025-10-01,2025-10-31,2025-10-01,2025-12-31,2025-01-01,2025-12-31
2024-12-30,2024,12,Dec,Dec 2024,24299,4,2024Q4,1,1,Mon,2024-12-30,2025-01-05,2024-12-01,2024-12-31,2024-10-01,2024-12-31,2024-01-01,2024-12-31,2025,10,4,2025Q4,44,2025-10-27,2025-11-02,2025-10-01,2025-10-31,2025-10-01,2025-12-31,2025-01-01,2025-12-31
2024-12-31,2024,12,Dec,Dec 2024,24299,4,2024Q4,1,2,Tue,2024-12-30,2025-01-05,2024-12-01,2024-12-31,2024-10-01,2024-12-31,2024-01-01,2024-12-31,2025,10,4,2025Q4,44,2025-10-27,2025-11-02,2025-10-01,2025-10-31,2025-10-01,2025-12-31,2025-01-01,2025-12-31
2025-01-01,2025,1,Jan,Jan 2025,24300,1,2025Q1,1,3,Wed,2024-12-30,2025-01-05,2025-01-01,2025-01-31,2025-01-01,2025-03-31,2025-01-01,2025-12-31,2025,11,4,2025Q4,44,2025-10-27,2025-11-02,2025-11-01,2025-11-30,2025-10-01,2025-12-31,2025-01-01,2025-12-31
2025-01-02,2025,1,Jan,Jan 2025,24300,1,2025Q1,1,4,Thu,2024-12-30,2025-01-05,2025-01-01,2025-01-31,2025-01-01,2025-03-31,2025-01-01,2025-12-31,2025,11,4,2025Q4,44,2025-10-27,2025-11-02,2025-11-01,2025-11-30,2025-10-01,2025-12-31,2025-01-01,2025-12-31
2025-01-03,2025,1,Jan,Jan 2025,24300,1,2025Q1,1,5,Fri,2024-12-30,2025-01-05,2025-01-01,2025-01-31,2025-01-01,2025-03-31,2025-01-01,2025-12-31,2025,11,4,2025Q4,45,2025-11-03,2025-11-09,2025-11-01,2025-11-30,2025-10-01,2025-12-31,2025-01-01,2025-12-31
2025-01-04,2025,1,Jan,Jan 2025,24300,1,2025Q1,1,6,Sat,2024-12-30,2025-01-05,2025-01-01,2025-01-31,2025-01-01,2025-03-31,2025-01-01,2025-12-31,2025,11,4,2025Q4,45,2025-11-03,2025-11-09,2025-11-01,2025-11-30,2025-10-01,2025-12-31,2025-01-01,2025-12-31
2025-01-05,2025,1,Jan,Jan 2025,24300,1,2025Q1,1,7,Sun,2024-12-30,2025-01-05,2025-01-01,2025-01-31,2025-01-01,2025-03-31,2025-01-01,2025-12-31,2025,11,4,2025Q4,45,2025-11-03,2025-11-09,2025-11-01,2025-11-30,2025-10-01,2025-12-31,2025-01-01,2025-12-31
2025-01-06,2025,1,Jan,Jan 2025,24300,1,2025Q1,2,1,Mon,2025-01-06,2025-01-12,2025-01-01,2025-01-31,2025-01-01,2025-03-31,2025-01-01,2025-12-31,2025,11,4,2025Q4,45,2025-11-03,2025-11-09,2025-11-01,2025-11-30,2025-10-01,2025-12-31,2025-01-01,2025-12-31
2025-01-07,2025,1,Jan,Jan 2025,24300,1,2025Q1,2,2,Tue,2025-01-06,2025-01-12,2025-01-01,2025-01-31,2025-01-01,2025-03-31,2025-01-01,2025-12-31,2025,11,4,2025Q4,45,2025-11-03,2025-11-09,2025-11-01,2025-11-30,2025-10-01,2025-12-31,2025-01-01,2025-12-31
2025-01-08,2025,1,Jan,Jan 2025,24300,1,2025Q1,2,3,Wed,2025-01-06,2025-01-12,2025-01-01,2025-01-31,2025-01-01,2025-03-31,2025-01-01,2025-12-31,2025,11,4,2025Q4,45,2025-11-03,2025-11-09,2025-11-01,2025-11-30,2025-10-01,2025-12-31,2025-01-01,2025-12-31
2025-01-09,2025,1,Jan,Jan 2025,24300,1,2025Q1,2,4,Thu,2025-01-06,2025-01-12,2025-01-01,2025-01-31,2025-01-01,2025-03-31,2025-01-01,2025-12-31,2025,11,4,2025Q4,45,2025-11-03,2025-11-09,2025-11-01,2025-11-30,2025-10-01,2025-12-31,2025-01-01,2025-12-31
2025-01-10,2025,1,Jan,Jan 2025,24300,1,2025Q1,2,5,Fri,2025-01-06,2025-01-12,2025-01-01,2025-01-31,2025-01-01,2025-03-31,2025-01-01,2025-12-31,2025,11,4,2025Q4,46,2025-11-10,2025-11-16,2025-11-01,2025-11-30,2025-10-01,2025-12-31,2025-01-01,2025-12-31
2025-01-11,2025,1,Jan,Jan 2025,24300,1,2025Q1,2,6,Sat,2025-01-06,2025-01-12,2025-01-01,2025-01-31,2025-01-01,2025-03-31,2025-01-01,2025-12-31,2025,11,4,2025Q4,46,2025-11-10,2025-11-16,2025-11-01,2025-11-30,2025-10-01,2025-12-31,2025-01-01,2025-12-31
2025-01-12,2025,1,Jan,Jan 2025,24300,1,2025Q1,2,7,Sun,2025-01-06,2025-01-12,2025-01-01,2025-01-31,2025-01-01,2025-03-31,2025-01-01,2025-12-31,2025,11,4,2025Q4,46,2025-11-10,2025-11-16,2025-11-01,2025-11-30,2025-10-01,2025-12-31,2025-01-01,2025-12-31
2025-01-13,2025,1,Jan,Jan 2025,24300,1,2025Q1,3,1,Mon,2025-01-13,2025-01-19,2025-01-01,2025-01-31,2025-01-01,2025-03-31,2025-01-01,2025-12-31,2025,11,4,2025Q4,46,2025-11-10,2025-11-16,2025-11-01,2025-11-30,2025-10-01,2025-12-31,2025-01-01,2025-12-31
2025-01-14,2025,1,Jan,Jan 2025,24300,1,2025Q1,3,2,Tue,2025-01-13,2025-01-19,2025-01-01,2025-01-31,2025-01-01,2025-03-31,2025-01-01,2025-12-31,2025,11,4,2025Q4,46,2025-11-10,2025-11-16,2025-11-01,2025-11-30,2025-10-01,2025-12-31,2025-01-01,2025-12-31
2025-01-15,2025,1,Jan,Jan 2025,24300,1,2025Q1,3,3,Wed,2025-01-13,2025-01-19,2025-01-01,2025-01-31,2025-01-01,2025-03-31,2025-01-01,2025-12-31,2025,11,4,2025Q4,46,2025-11-10,2025-11-16,2025-11-01,2025-11-30,2025-10-01,2025-12-31,2025-01-01,2025-12-31
2025-01-16,2025,1,Jan,Jan 2025,24300,1,2025Q1,3,4,Thu,2025-01-13,2025-01-19,2025-01-01,2025-01-31,2025-01-01,2025-03-31,2025-01-01,2025-12-31,2025,11,4,2025Q4,46,2025-11-10,2025-11-16,2025-11-01,2025-11-30,2025-10-01,2025-12-31,2025-01-01,2025-12-31
2025-01-17,2025,1,Jan,Jan 2025,24300,1,2025Q1,3,5,Fri,2025-01-13,2025-01-19,2025-01-01,2025-01-31,2025-01-01,2025-03-31,2025-01-01,2025-12-31,2025,11,4,2025Q4,47,2025-11-17,2025-11-23,2025-11-01,2025-11-30,2025-10-01,2025-12-31,2025-01-01,2025-12-31
2025-01-18,2025,1,Jan,Jan 2025,24300,1,2025Q1,3,6,Sat,2025-01-13,2025-01-19,2025-01-01,2025-01-31,2025-01-01,2025-03-31,2025-01-01,2025-12-31,2025,11,4,2025Q4,47,2025-11-17,2025-11-23,2025-11-01,2025-11-30,2025-10-01,2025-12-31,2025-01-01,2025-12-31
2025-01-19,2025,1,Jan,Jan 2025,24300,1,2025Q1,3,7,Sun,2025-01-13,2025-01-19,2025-01-01,2025-01-31,2025-01-01,2025-03-31,2025-01-01,2025-12-31,2025,11,4,2025Q4,47,2025-11-17,2025-11-23,2025-11-01,2025-11-30,2025-10-01,2025-12-31,2025-01-01,2025-12-31
2025-01-20,2025,1,Jan,Jan 2025,24300,1,2025Q1,4,1,Mon,2025-01-20,2025-01-26,2025-01-01,2025-01-31,2025-01-01,2025-03-31,2025-01-01,2025-12-31,2025,11,4,2025Q4,47,2025-11-17,2025-11-23,2025-11-01,2025-11-30,2025-10-01,2025-12-31,2025-01-01,2025-12-31
2025-01-21,2025,1,Jan,Jan 2025,24300,1,2025Q1,4,2,Tue,2025-01-20,2025-01-26,2025-01-01,2025-01-31,2025-01-01,2025-03-31,2025-01-01,2025-12-31,2025,11,4,2025Q4,47,2025-11-17,2025-11-23,2025-11-01,2025-11-30,2025-10-01,2025-12-31,2025-01-01,2025-12-31
2025-01-22,2025,1,Jan,Jan 2025,24300,1,2025Q1,4,3,Wed,2025-01-20,2025-01-26,2025-01-01,2025-01-31,2025-01-01,2025-03-31,2025-01-01,2025-12-31,2025,11,4,2025Q4,47,2025-11-17,2025-11-23,2025-11-01,2025-11-30,2025-10-01,2025-12-31,2025-01-01,2025-12-31
2025-01-23,2025,1,Jan,Jan 2025,24300,1,2025Q1,4,4,Thu,2025-01-20,2025-01-26,2025-01-01,2025-01-31,2025-01-01,2025-03-31,2025-01-01,2025-12-31,2025,11,4,2025Q4,47,2025-11-17,2025-11-23,2025-11-01,2025-11-30,2025-10-01,2025-12-31,2025-01-01,2025-12-31
2025-01-24,2025,1,Jan,Jan 2025,24300,1,2025Q1,4,5,Fri,2025-01-20,2025-01-26,2025-01-01,2025-01-31,2025-01-01,2025-03-31,2025-01-01,2025-12-31,2025,11,4,2025Q4,48,2025-11-24,2025-11-30,2025-11-01,2025-11-30,2025-10-01,2025-12-31,2025-01-01,2025-12-31
2025-01-25,2025,1,Jan,Jan 2025,24300,1,2025Q1,4,6,Sat,2025-01-20,2025-01-26,2025-01-01,2025-01-31,2025-01-01,2025-03-31,2025-01-01,2025-12-31,2025,11,4,2025Q4,48,2025-11-24,2025-11-30,2025-11-01,2025-11-30,2025-10-01,2025-12-31,2025-01-01,2025-12-31
2025-01-26,2025,1,Jan,Jan 2025,24300,1,2025Q1,4,7,Sun,2025-01-20,2025-01-26,2025-01-01,2025-01-31,2025-01-01,2025-03-31,2025-01-01,2025-12-31,2025,11,4,2025Q4,48,2025-11-24,2025-11-30,2025-11-01,2025-11-30,2025-10-01,2025-12-31,2025-01-01,2025-12-31
2025-01-27,2025,1,Jan,Jan 2025,24300,1,2025Q1,5,1,Mon,2025-01-27,2025-02-02,2025-01-01,2025-01-31,2025-01-01,2025-03-31,2025-01-01,2025-12-31,2025,11,4,2025Q4,48,2025-11-24,2025-11-30,2025-11-01,2025-11-30,2025-10-01,2025-12-31,2025-01-01,2025-12-31
2025-01-28,2025,1,Jan,Jan 2025,24300,1,2025Q1,5,2,Tue,2025-01-27,2025-02-02,2025-01-01,2025-01-31,2025-01-01,2025-03-31,2025-01-01,2025-12-31,2025,11,4,2025Q4,48,2025-11-24,2025-11-30,2025-11-01,2025-11-30,2025-10-01,2025-12-31,2025-01-01,2025-12-31
2025-01-29,2025,1,Jan,Jan 2025,24300,1,2025Q1,5,3,Wed,2025-01-27,2025-02-02,2025-01-01,2025-01-31,2025-01-01,2025-03-31,2025-01-01,2025-12-31,2025,11,4,2025Q4,48,2025-11-24,2025-11-30,2025-11-01,2025-11-30,2025-10-01,2025-12-31,2025-01-01,2025-12-31
2025-01-30,2025,1,Jan,Jan 2025,24300,1,2025Q1,5,4,Thu,2025-01-27,2025-02-02,2025-01-01,2025-01-31,2025-01-01,2025-03-31,2025-01-01,2025-12-31,2025,11,4,2025Q4,48,2025-11-24,2025-11-30,2025-11-01,2025-11-30,2025-10-01,2025-12-31,2025-01-01,2025-12-31
2025-01-31,2025,1,Jan,Jan 2025,24300,1,2025Q1,5,5,Fri,2025-01-27,2025-02-02,2025-01-01,2025-01-31,2025-01-01,2025-03-31,2025-01-01,2025-12-31,2025,11,4,2025Q4,48,2025-11-24,2025-11-30,2025-11-01,2025-11-30,2025-10-01,2025-12-31,2025-01-01,2025-12-31
2025-02-01,2025,2,Feb,Feb 2025,24301,1,2025Q1,5,6,Sat,2025-01-27,2025-02-02,2025-02-01,2025-02-28,2025-01-01,2025-03-31,2025-01-01,2025-12-31,2025,12,4,2025Q4,49,2025-12-01,2025-12-07,2025-12-01,2025-12-31,2025-10-01,2025-12-31,2025-01-01,2025-12-31
2025-02-02,2025,2,Feb,Feb 2025,24301,1,2025Q1,5,7,Sun,2025-01-27,2025-02-02,2025-02-01,2025-02-28,2025-01-01,2025-03-31,2025-01-01,2025-12-31,2025,12,4,2025Q4,49,2025-12-01,2025-12-07,2025-12-01,2025-12-31,2025-10-01,2025-12-31,2025-01-01,2025-12-31
2025-02-03,2025,2,Feb,Feb 2025,24301,1,2025Q1,6,1,Mon,2025-02-03,2025-02-09,2025-02-01,2025-02-28,2025-01-01,2025-03-31,2025-01-01,2025-12-31,2025,12,4,2025Q4,49,2025-12-01,2025-12-07,2025-12-01,2025-12-31,2025-10-01,2025-12-31,2025-01-01,2025-12-31
2025-02-04,2025,2,Feb,Feb 2025,24301,1,2025Q1,6,2,Tue,2025-02-03,2025-02-09,2025-02-01,2025-02-28,2025-01-01,2025-03-31,2025-01-01,2025-12-31,2025,12,4,2025Q4,49,2025-12-01,2025-12-07,2025-12-01,2025-12-31,2025-10-01,2025-12-31,2025-01-01,2025-12-31
2025-02-05,2025,2,Feb,Feb 2025,24301,1,2025Q1,6,3,Wed,2025-02-03,2025-02-09,2025-02-01,2025-02-28,2025-01-01,2025-03-31,2025-01-01,2025-12-31,2025,12,4,2025Q4,49,2025-12-01,2025-12-07,2025-12-01,2025-12-31,2025-10-01,2025-12-31,2025-01-01,2025-12-31
2025-02-06,2025,2,Feb,Feb 2025,24301,1,2025Q1,6,4,Thu,2025-02-03,2025-02-09,2025-02-01,2025-02-28,2025-01-01,2025-03-31,2025-01-01,2025-12-31,2025,12,4,2025Q4,49,2025-12-01,2025-12-07,2025-12-01,2025-12-31,2025-10-01,2025-12-31,2025-01-01,2025-12-31
2025-02-07,2025,2,Feb,Feb 2025,24301,1,2025Q1,6,5,Fri,2025-02-03,2025-02-09,2025-02-01,2025-02-28,2025-01-01,2025-03-31,2025-01-01,2025-12-31,2025,12,4,2025Q4,49,2025-12-01,2025-12-07,2025-12-01,2025-12-31,2025-10-01,2025-12-31,2025-01-01,2025-12-31
2025-02-08,2025,2,Feb,Feb 2025,24301,1,2025Q1,6,6,Sat,2025-02-03,2025-02-09,2025-02-01,2025-02-28,2025-01-01,2025-03-31,2025-01-01,2025-12-31,2025,12,4,2025Q4,50,2025-12-08,2025-12-14,2025-12-01,2025-12-31,2025-10-01,2025-12-31,2025-01-01,2025-12-31
2025-02-09,2025,2,Feb,Feb 2025,24301,1,2025Q1,6,7,Sun,2025-02-03,2025-02-09,2025-02-01,2025-02-28,2025-01-01,2025-03-31,2025-01-01,2025-12-31,2025,12,4,2025Q4,50,2025-12-08,2025-12-14,2025-12-01,2025-12-31,2025-10-01,2025-12-31,2025-01-01,2025-12-31
2025-02-10,2025,2,Feb,Feb 2025,24301,1,2025Q1,7,1,Mon,2025-02-10,2025-02-16,2025-02-01,2025-02-28,2025-01-01,2025-03-31,2025-01-01,2025-12-31,2025,12,4,2025Q4,50,2025-12-08,2025-12-14,2025-12-01,2025-12-31,2025-10-01,2025-12-31,2025-01-01,2025-12-31
2025-02-11,2025,2,Feb,Feb 2025,24301,1,2025Q1,7,2,Tue,2025-02-10,2025-02-16,2025-02-01,2025-02-28,2025-01-01,2025-03-31,2025-01-01,2025-12-31,2025,12,4,2025Q4,50,2025-12-08,2025-12-14,2025-12-01,2025-12-31,2025-10-01,2025-12-31,2025-01-01,2025-12-31
2025-02-12,2025,2,Feb,Feb 2025,24301,1,2025Q1,7,3,Wed,2025-02-10,2025-02-16,2025-02-01,2025-02-28,2025-01-01,2025-03-31,2025-01-01,2025-12-31,2025,12,4,2025Q4,50,2025-12-08,2025-12-14,2025-12-01,2025-12-31,2025-10-01,2025-12-31,2025-01-01,2025-12-31
2025-02-13,2025,2,Feb,Feb 2025,24301,1,2025Q1,7,4,Thu,2025-02-10,2025-02-16,2025-02-01,2025-02-28,2025-01-01,2025-03-31,2025-01-01,2025-12-31,2025,12,4,2025Q4,50,2025-12-08,2025-12-14,2025-12-01,2025-12-31,2025-10-01,2025-12-31,2025-01-01,2025-12-31
2025-02-14,2025,2,Feb,Feb 2025,24301,1,2025Q1,7,5,Fri,2025-02-10,2025-02-16,2025-02-01,2025-02-28,2025-01-01,2025-03-31,2025-01-01,2025-12-31,2025,12,4,2025Q4,50,2025-12-08,2025-12-14,2025-12-01,2025-12-31,2025-10-01,2025-12-31,2025-01-01,2025-12-31
2025-02-15,2025,2,Feb,Feb 2025,24301,1,2025Q1,7,6,Sat,2025-02-10,2025-02-16,2025-02-01,2025-02-28,2025-01-01,2025-03-31,2025-01-01,2025-12-31,2025,12,4,2025Q4,51,2025-12-15,2025-12-21,2025-12-01,2025-12-31,2025-10-01,2025-12-31,2025-01-01,2025-12-31
2025-02-16,2025,2,Feb,Feb 2025,24301,1,2025Q1,7,7,Sun,2025-02-10,2025-02-16,2025-02-01,2025-02-28,2025-01-01,2025-03-31,2025-01-01,2025-12-31,2025,12,4,2025Q4,51,2025-12-15,2025-12-21,2025-12-01,2025-12-31,2025-10-01,2025-12-31,2025-01-01,2025-12-31
2025-02-17,2025,2,Feb,Feb 2025,24301,1,2025Q1,8,1,Mon,2025-02-17,2025-02-23,2025-02-01,2025-02-28,2025-01-01,2025-03-31,2025-01-01,2025-12-31,2025,12,4,2025Q4,51,2025-12-15,2025-12-21,2025-12-01,2025-12-31,2025-10-01,2025-12-31,2025-01-01,2025-12-31
2025-02-18,2025,2,Feb,Feb 2025,24301,1,2025Q1,8,2,Tue,2025-02-17,2025-02-23,2025-02-01,2025-02-28,2025-01-01,2025-03-31,2025-01-01,2025-12-31,2025,12,4,2025Q4,51,2025-12-15,2025-12-21,2025-12-01,2025-12-31,2025-10-01,2025-12-31,2025-01-01,2025-12-31
2025-02-19,2025,2,Feb,Feb 2025,24301,1,2025Q1,8,3,Wed,2025-02-17,2025-02-23,2025-02-01,2025-02-28,2025-01-01,2025-03-31,2025-01-01,2025-12-31,2025,12,4,2025Q4,51,2025-12-15,2025-12-21,2025-12-01,2025-12-31,2025-10-01,2025-12-31,2025-01-01,2025-12-31
2025-02-20,2025,2,Feb,Feb 2025,24301,1,2025Q1,8,4,Thu,2025-02-17,2025-02-23,2025-02-01,2025-02-28,2025-01-01,2025-03-31,2025-01-01,2025-12-31,2025,12,4,2025Q4,51,2025-12-15,2025-12-21,2025-12-01,2025-12-31,2025-10-01,2025-12-31,2025-01-01,2025-12-31
2025-02-21,2025,2,Feb,Feb 2025,24301,1,2025Q1,8,5,Fri,2025-02-17,2025-02-23,2025-02-01,2025-02-28,2025-01-01,2025-03-31,2025-01-01,2025-12-31,2025,12,4,2025Q4,51,2025-12-15,2025-12-21,2025-12-01,2025-12-31,2025-10-01,2025-12-31,2025-01-01,2025-12-31
2025-02-22,2025,2,Feb,Feb 2025,24301,1,2025Q1,8,6,Sat,2025-02-17,2025-02-23,2025-02-01,2025-02-28,2025-01-01,2025-03-31,2025-01-01,2025-12-31,2025,12,4,2025Q4,52,2025-12-22,2025-12-28,2025-12-01,2025-12-31,2025-10-01,2025-12-31,2025-01-01,2025-12-31
2025-02-23,2025,2,Feb,Feb 2025,24301,1,2025Q1,8,7,Sun,2025-02-17,2025-02-23,2025-02-01,2025-02-28,2025-01-01,2025-03-31,2025-01-01,2025-12-31,2025,12,4,2025Q4,52,2025-12-22,2025-12-28,2025-12-01,2025-12-31,2025-10-01,2025-12-31,2025-01-01,2025-12-31
2025-02-24,2025,2,Feb,Feb 2025,24301,1,2025Q1,9,1,Mon,2025-02-24,2025-03-02,2025-02-01,2025-02-28,2025-01-01,2025-03-31,2025-01-01,2025-12-31,2025,12,4,2025Q4,52,2025-12-22,2025-12-28,2025-12-01,2025-12-31,2025-10-01,2025-12-31,2025-01-01,2025-12-31
2025-02-25,2025,2,Feb,Feb 2025,24301,1,2025Q1,9,2,Tue,2025-02-24,2025-03-02,2025-02-01,2025-02-28,2025-01-01,2025-03-31,2025-01-01,2025-12-31,2025,12,4,2025Q4,52,2025-12-22,2025-12-28,2025-12-01,2025-12-31,2025-10-01,2025-12-31,2025-01-01,2025-12-31
2025-02-26,2025,2,Feb,Feb 2025,24301,1,2025Q1,9,3,Wed,2025-02-24,2025-03-02,2025-02-01,2025-02-28,2025-01-01,2025-03-31,2025-01-01,2025-12-31,2025,12,4,2025Q4,52,2025-12-22,2025-12-28,2025-12-01,2025-12-31,2025-10-01,2025-12-31,2025-01-01,2025-12-31
2025-02-27,2025,2,Feb,Feb 2025,24301,1,2025Q1,9,4,Thu,2025-02-24,2025-03-02,2025-02-01,2025-02-28,2025-01-01,2025-03-31,2025-01-01,2025-12-31,2025,12,4,2025Q4,52,2025-12-22,2025-12-28,2025-12-01,2025-12-31,2025-10-01,2025-12-31,2025-01-01,2025-12-31
2025-02-28,2025,2,Feb,Feb 2025,24301,1,2025Q1,9,5,Fri,2025-02-24,2025-03-02,2025-02-01,2025-02-28,2025-01-01,2025-03-31,2025-01-01,2025-12-31,2025,12,4,2025Q4,52,2025-12-22,2025-12-28,2025-12-01,2025-12-31,2025-10-01,2025-12-31,2025-01-01,2025-12-31
2025-03-01,2025,3,Mar,Mar 2025,24302,1,2025Q1,9,6,Sat,2025-02-24,2025-03-02,2025-03-01,2025-03-31,2025-01-01,2025-03-31,2025-01-01,2025-12-31,2026,1,1,2026Q1,1,2025-12-29,2026-01-04,2026-01-01,2026-01-31,2026-01-01,2026-03-31,2026-01-01,2026-12-31
2025-03-02,2025,3,Mar,Mar 2025,24302,1,2025Q1,9,7,Sun,2025-02-24,2025-03-02,2025-03-01,2025-03-31,2025-01-01,2025-03-31,2025-01-01,2025-12-31,2026,1,1,2026Q1,1,2025-12-29,2026-01-04,2026-01-01,2026-01-31,2026-01-01,2026-03-31,2026-01-01,2026-12-31
2025-03-03,2025,3,Mar,Mar 2025,24302,1,2025Q1,10,1,Mon,2025-03-03,2025-03-09,2025-03-01,2025-03-31,2025-01-01,2025-03-31,2025-01-01,2025-12-31,2026,1,1,2026Q1,1,2025-12-29,2026-01-04,2026-01-01,2026-01-31,2026-01-01,2026-03-31,2026-01-01,2026-12-31
2025-03-04,2025,3,Mar,Mar 2025,24302,1,2025Q1,10,2,Tue,2025-03-03,2025-03-09,2025-03-01,2025-03-31,2025-01-01,2025-03-31,2025-01-01,2025-12-31,2026,1,1,2026Q1,1,2025-12-29,2026-01-04,2026-01-01,2026-01-31,2026-01-01,2026-03-31,2026-01-01,2026-12-31
2025-03-05,2025,3,Mar,Mar 2025,24302,1,2025Q1,10,3,Wed,2025-03-03,2025-03-09,2025-03-01,2025-03-31,2025-01-01,2025-03-31,2025-01-01,2025-12-31,2026,1,1,2026Q1,2,2026-01-05,2026-01-11,2026-01-01,2026-01-31,2026-01-01,2026-03-31,2026-01-01,2026-12-31
2025-03-06,2025,3,Mar,Mar 2025,24302,1,2025Q1,10,4,Thu,2025-03-03,2025-03-09,2025-03-01,2025-03-31,2025-01-01,2025-03-31,2025-01-01,2025-12-31,2026,1,1,2026Q1,2,2026-01-05,2026-01-11,2026-01-01,2026-01-31,2026-01-01,2026-03-31,2026-01-01,2026-12-31
2025-03-07,2025,3,Mar,Mar 2025,24302,1,2025Q1,10,5,Fri,2025-03-03,2025-03-09,2025-03-01,2025-03-31,2025-01-01,2025-03-31,2025-01-01,2025-12-31,2026,1,1,2026Q1,2,2026-01-05,2026-01-11,2026-01-01,2026-01-31,2026-01-01,2026-03-31,2026-01-01,2026-12-31
2025-03-08,2025,3,Mar,Mar 2025,24302,1,2025Q1,10,6,Sat,2025-03-03,2025-03-09,2025-03-01,2025-03-31,2025-01-01,2025-03-31,2025-01-01,2025-12-31,2026,1,1,2026Q1,2,2026-01-05,2026-01-11,2026-01-01,2026-01-31,2026-01-01,2026-03-31,2026-01-01,2026-12-31
2025-03-09,2025,3,Mar,Mar 2025,24302,1,2025Q1,10,7,Sun,2025-03-03,2025-03-09,2025-03-01,2025-03-31,2025-01-01,2025-03-31,2025-01-01,2025-12-31,2026,1,1,2026Q1,2,2026-01-05,2026-01-11,2026-01-01,2026-01-31,2026-01-01,2026-03-31,2026-01-01,2026-12-31
2025-03-10,2025,3,Mar,Mar 2025,24302,1,2025Q1,11,1,Mon,2025-03-10,2025-03-16,2025-03-01,2025-03-31,2025-01-01,2025-03-31,2025-01-01,2025-12-31,2026,1,1,2026Q1,2,2026-01-05,2026-01-11,2026-01-01,2026-01-31,2026-01-01,2026-03-31,2026-01-01,2026-12-31
2025-03-11,2025,3,Mar,Mar 2025,24302,1,2025Q1,11,2,Tue,2025-03-10,2025-03-16,2025-03-01,2025-03-31,2025-01-01,2025-03-31,2025-01-01,2025-12-31,2026,1,1,2026Q1,2,2026-01-05,2026-01-11,2026-01-01,2026-01-31,2026-01-01,2026-03-31,2026-01-01,2026-12-31
2025-03-12,2025,3,Mar,Mar 2025,24302,1,2025Q1,11,3,Wed,2025-03-10,2025-03-16,2025-03-01,2025-03-31,2025-01-01,2025-03-31,2025-01-01,2025-12-31,2026,1,1,2026Q1,3,2026-01-12,2026-01-18,2026-01-01,2026-01-31,2026-01-01,2026-03-31,2026-01-01,2026-12-31
2025-03-13,2025,3,Mar,Mar 2025,24302,1,2025Q1,11,4,Thu,2025-03-10,2025-03-16,2025-03-01,2025-03-31,2025-01-01,2025-03-31,2025-01-01,2025-12-31,2026,1,1,2026Q1,3,2026-01-12,2026-01-18,2026-01-01,2026-01-31,2026-01-01,2026-03-31,2026-01-01,2026-12-31
2025-03-14,2025,3,Mar,Mar 2025,24302,1,2025Q1,11,5,Fri,2025-03-10,2025-03-16,2025-03-01,2025-03-31,2025-01-01,2025-03-31,2025-01-01,2025-12-31,2026,1,1,2026Q1,3,2026-01-12,2026-01-18,2026-01-01,2026-01-31,2026-01-01,2026-03-31,2026-01-01,2026-12-31
2025-03-15,2025,3,Mar,Mar 2025,24302,1,2025Q1,11,6,Sat,2025-03-10,2025-03-16,2025-03-01,2025-03-31,2025-01-01,2025-03-31,2025-01-01,2025-12-31,2026,1,1,2026Q1,3,2026-01-12,2026-01-18,2026-01-01,2026-01-31,2026-01-01,2026-03-31,2026-01-01,2026-12-31
2025-03-16,2025,3,Mar,Mar 2025,24302,1,2025Q1,11,7,Sun,2025-03-10,2025-03-16,2025-03-01,2025-03-31,2025-01-01,2025-03-31,2025-01-01,2025-12-31,2026,1,1,2026Q1,3,2026-01-12,2026-01-18,2026-01-01,2026-01-31,2026-01-01,2026-03-31,2026-01-01,2026-12-31
2025-03-17,2025,3,Mar,Mar 2025,24302,1,2025Q1,12,1,Mon,2025-03-17,2025-03-23,2025-03-01,2025-03-31,2025-01-01,2025-03-31,2025-01-01,2025-12-31,2026,1,1,2026Q1,3,2026-01-12,2026-01-18,2026-01-01,2026-01-31,2026-01-01,2026-03-31,2026-01-01,2026-12-31
2025-03-18,2025,3,Mar,Mar 2025,24302,1,2025Q1,12,2,Tue,2025-03-17,2025-03-23,2025-03-01,2025-03-31,2025-01-01,2025-03-31,2025-01-01,2025-12-31,2026,1,1,2026Q1,3,2026-01-12,2026-01-18,2026-01-01,2026-01-31,2026-01-01,2026-03-31,2026-01-01,2026-12-31
2025-03-19,2025,3,Mar,Mar 2025,24302,1,2025Q1,12,3,Wed,2025-03-17,2025-03-23,2025-03-01,2025-03-31,2025-01-01,2025-03-31,2025-01-01,2025-12-31,2026,1,1,2026Q1,4,2026-01-19,2026-01-25,2026-01-01,2026-01-31,2026-01-01,2026-03-31,2026-01-01,2026-12-31
2025-03-20,2025,3,Mar,Mar 2025,24302,1,2025Q1,12,4,Thu,2025-03-17,2025-03-23,2025-03-01,2025-03-31,2025-01-01,2025-03-31,2025-01-01,2025-12-31,2026,1,1,2026Q1,4,2026-01-19,2026-01-25,2026-01-01,2026-01-31,2026-01-01,2026-03-31,2026-01-01,2026-12-31
2025-03-21,2025,3,Mar,Mar 2025,24302,1,2025Q1,12,5,Fri,2025-03-17,2025-03-23,2025-03-01,2025-03-31,2025-01-01,2025-03-31,2025-01-01,2025-12-31,2026,1,1,2026Q1,4,2026-01-19,2026-01-25,2026-01-01,2026-01-31,2026-01-01,2026-03-31,2026-01-01,2026-12-31
2025-03-22,2025,3,Mar,Mar 2025,24302,1,2025Q1,12,6,Sat,2025-03-17,2025-03-23,2025-03-01,2025-03-31,2025-01-01,2025-03-31,2025-01-01,2025-12-31,2026,1,1,2026Q1,4,2026-01-19,2026-01-25,2026-01-01,2026-01-31,2026-01-01,2026-03-31,2026-01-01,2026-12-31
2025-03-23,2025,3,Mar,Mar 2025,24302,1,2025Q1,12,7,Sun,2025-03-17,2025-03-23,2025-03-01,2025-03-31,2025-01-01,2025-03-31,2025-01-01,2025-12-31,2026,1,1,2026Q1,4,2026-01-19,2026-01-25,2026-01-01,2026-01-31,2026-01-01,2026-03-31,2026-01-01,2026-12-31
2025-03-24,2025,3,Mar,Mar 2025,24302,1,2025Q1,13,1,Mon,2025-03-24,2025-03-30,2025-03-01,2025-03-31,2025-01-01,2025-03-31,2025-01-01,2025-12-31,2026,1,1,2026Q1,4,2026-01-19,2026-01-25,2026-01-01,2026-01-31,2026-01-01,2026-03-31,2026-01-01,2026-12-31
2025-03-25,2025,3,Mar,Mar 2025,24302,1,2025Q1,13,2,Tue,2025-03-24,2025-03-30,2025-03-01,2025-03-31,2025-01-01,2025-03-31,2025-01-01,2025-12-31,2026,1,1,2026Q1,4,2026-01-19,2026-01-25,2026-01-01,2026-01-31,2026-01-01,2026-03-31,2026-01-01,2026-12-31
2025-03-26,2025,3,Mar,Mar 2025,24302,1,2025Q1,13,3,Wed,2025-03-24,2025-03-30,2025-03-01,2025-03-31,2025-01-01,2025-03-31,2025-01-01,2025-12-31,2026,1,1,2026Q1,5,2026-01-26,2026-02-01,2026-01-01,2026-01-31,2026-01-01,2026-03-31,2026-01-01,2026-12-31
2025-03-27,2025,3,Mar,Mar 2025,24302,1,2025Q1,13,4,Thu,2025-03-24,2025-03-30,2025-03-01,2025-03-31,2025-01-01,2025-03-31,2025-01-01,2025-12-31,2026,1,1,2026Q1,5,2026-01-26,2026-02-01,2026-01-01,2026-01-31,2026-01-01,2026-03-31,2026-01-01,2026-12-31
2025-03-28,2025,3,Mar,Mar 2025,24302,1,2025Q1,13,5,Fri,2025-03-24,2025-03-30,2025-03-01,2025-03-31,2025-01-01,2025-03-31,2025-01-01,2025-12-31,2026,1,1,2026Q1,5,2026-01-26,2026-02-01,2026-01-01,2026-01-31,2026-01-01,2026-03-31,2026-01-01,2026-12-31
2025-03-29,2025,3,Mar,Mar 2025,24302,1,2025Q1,13,6,Sat,2025-03-24,2025-03-30,2025-03-01,2025-03-31,2025-01-01,2025-03-31,2025-01-01,2025-12-31,2026,1,1,2026Q1,5,2026-01-26,2026-02-01,2026-01-01,2026-01-31,2026-01-01,2026-03-31,2026-01-01,2026-12-31
2025-03-30,2025,3,Mar,Mar 2025,24302,1,2025Q1,13,7,Sun,2025-03-24,2025-03-30,2025-03-01,2025-03-31,2025-01-01,2025-03-31,2025-01-01,2025-12-31,2026,1,1,2026Q1,5,2026-01-26,2026-02-01,2026-01-01,2026-01-31,2026-01-01,2026-03-31,2026-01-01,2026-12-31
2025-03-31,2025,3,Mar,Mar 2025,24302,1,2025Q1,14,1,Mon,2025-03-31,2025-04-06,2025-03-01,2025-03-31,2025-01-01,2025-03-31,2025-01-01,2025-12-31,2026,1,1,2026Q1,5,2026-01-26,2026-02-01,2026-01-01,2026-01-31,2026-01-01,2026-03-31,2026-01-01,2026-12-31
